"@welsheagle true,wish my heart wasn't so broken","0"
"@ImogenD How tragic!  What's worse is that i've been told it shall rain over the next few days.....","0"
"BOARD...muh hairs curly and ugllyyy  i wanna go home!!!!","0"
"@rachmurrayX I dont know it just said &quot;coming soon&quot; i hate it when they say that","0"
"WTF, I wake up over an hour earlier and I still can't make it to work on time.  I feel you @spahkleprincess I should have stayed in bed","0"
"I think I found Kevin's stressed-out eye twitch.   He can have it back now.","0"
"i should go back to fuckin bed every1 is always busy ...i feel unwated and useless","0"
"Re-pinging @Rock_My_Star: Iheartradio----&gt; Houston, Texas----&gt; 94.5 The Buzz--- iPhone problems  http://tinyurl.com/r88ltf","0"
"In work","0"
"Obama forges his Muslim alliance against the civilized world - http://tinyurl.com/pqcops . And he didn't even drop in for a cup of tea","0"
"says is reading someone's blog. Makes me wanna think twice about trusting household helps.  http://plurk.com/p/y57cq","0"
"Bingo w/ @brucelovesyou, @patchworkrobot and Danielle. As always, no prizes","0"
"hasnt got a clue what she is doing on here!! please help  x","0"
"isPlayer Has Died! Sorry","0"
"@faulko1 Bully Birds...eat baby chicks..naughty sods!!!","0"
"@DeeBee86 i miss you toooo!!!","0"
"Lunch updates might have to wait. Twitter juice perilously low","0"
"@modwheelmood where does someone like myself obtain copies of PtP on cd &amp; vinyl? i'm nowhere near any of these shows and want them!","0"
"Its so boring in here. No one can talk and I finished my test","0"
"Just saw the new palm pre! held it in my hands! it feels so cheap and breakable","0"
"I had this ridiculous horrible dream last night. blahhh","0"
"Wtf migrane!  Seriously.","0"
"@thecrazyjogger yeah i heard about it too  allah yostur","0"
"Insomnia sucks!","0"
"I woke up with a Migraine...this is not going to be a good day","0"
"@michellough sorry i missed yo partay  thought about bringing the kiddos but didnt know if that would fly","0"
"I wana sunbathe but it's not as hot today boo","0"
"is damn sore after sunbatheing to long","0"
"says it's raining... my day seems cloudy and dull...  http://plurk.com/p/y57mx","0"
"The sun woke me at 5am   Not cool....","0"
"Teamviewer is being an asshole today! trying to help @nw306 And It Fails","0"
"@alientribe On this list: http://bit.ly/mix I'm no. 203","0"
"omg my sim is so lonely.","0"
"@philmartinez I'm checking again today cuz we don't have it here yet.","0"
"I'm so tired of my life. I want to change it.","0"
"Buen dia! con gripe  . Very usefull jQuery link: http://jquerylist.com/","0"
"@jess_dillon **gasp**!! There was a &quot;reunion&quot; gig? Nobody mentioned it to me!  I had a party at my place Oz Day.","0"
"@jaysonstreet oh. i didnt hear you say that....I recend all my flames...sorry","0"
"is not very calm and is getting more stressed as the day goes on","0"
"Senior awards today ugh... why oh why","0"
"This is your digestive system speaking - that milk wasn't fresh, sorry","0"
"The last day of freedom before classes start... this is so sad.  Must buy books....","0"
"@theladyisugly Ah. That seems to work differently from mine so I can't give you much in the way of advice.","0"
"20 more minutes???","0"
"wish there was something i could do about the pain","0"
"@doversain No mouse trap. are they going to eat me? ?","0"
"I really hate not getting enough sleep","0"
"My remix of NIN's &quot;Capital G&quot;:  http://tinyurl.com/r4nvcb  I'm really going to miss seeing Trent perform.","0"
"My car failed its MOT today, noooo. Probably for the best though. I may have to scrap it.","0"
"Not got any well dones or congrats frm the other members of my group. Were they let down by me Sam and Ed &amp; our presenting??","0"
"Having a bad hair day. Blah!","0"
"has a slight eye infection and a scratch on the cornea from whatever hit it whilst I was cycling home last night","0"
"The dusty old clothes are making me feel ill! To much dust on my chest!","0"
"@Stephalopolis Aw, hon ... I'm sorry your mouth hurts so bad.","0"
"I'm soo hungry....but I can't eat cuz @ancutzico is sleeping","0"
"@adrence funny that it is not there tey sent a breaking news alert and have no other thing to add??","0"
"Quit smoking again: forgot about fever blisters and colds that come in succession during detox though.  This will be a long few months.","0"
"@shaquanrulez  darn i wanted to go","0"
"@aliasgrace Me too. And I have to chair the staff meeting!  I want to hide at my desk.","0"
"is sadly leaving on a business trip for a couple of days. Missing Jill, Eth and Jack already...  in Romulus, MI http://loopt.us/1QO3BA.t","0"
"No time for lunch again.....someone find me a better place to work!!","0"
"@NadiaPadayachi how is it you're watching Fight Club at 3:20? &lt;-- jealous","0"
"@chikeloney I wish I could  John legend is great. My girls r going though...lol","0"
"i don't know how to dance jai ho!","0"
"@trejsi  set tours!! Can we start planning for next year???","0"
"Software exam over. Preparing for the most boring MIS","0"
"I need a little lie down","0"
"Good morning everyone!!! Happy Birthday to ME!!!!!!!! Woke up sick  I can't believe this! Totally sux!!!!","0"
"on the phone now for nearly 20 minutes with PAL.  no one's picking up.","0"
"Here it is June, my deadline has past for my 2nd book.  I haven't written book 2 beyond 60 pages   I feel demotivated. I have to press on","0"
"@paul_guest I'm not so sure seeing as us too are not friends anymore","0"
"@ImTiffanyNicole Tiffany Whats Good HowCome I Never Never Never Ever Ever Ever Got A Txt Or Call Atleast To Say GMorn/Nite? NoLove4Me?","0"
"Um yeah, could we confuse XT more than she already is.","0"
"@TofuguErin A really open atmosphere?  Aside from that, nothing else I can think of.  Heard the economy's tanking bad on the west coast.","0"
"am cleaning and fun things this morning","0"
"@jeffreecuntstar OMG, I want sleep NOT work","0"
"i still have this headache that kept me up all night","0"
"@kaitlynnblyth i will be leaving my house shortly my friend...so be ready...i would say id call when i was on my way..but idk your number","0"
"meeting chris for &quot;lunch&quot; at about 430, stupid wednesdays","0"
"@TMLZ go to sleeeeeeeep, i so tired but cannot, dw mads. i love withdrawl symptoms, group snuggle was so nice","0"
"someone has been in my account!","0"
"feels scared.  may h1n1 na sa DLSU? nku. madae din atang foreign exchange students sa piyu ee. OMG. http://plurk.com/p/y58zk","0"
"@katiebips it was the beginning of 'music and movies' in the pit-like park across from Edison. Too bad it's on sci-fi Tuesdays","0"
"Wii sports resort?  Wasn't that last year?  Dear me nintendo, everyone else pulled out the stops!  Nintendo the newest sega?","0"
"@mumphlett - What's up? I am here..Have a lil summer cold","0"
"The spiders are returning and making homes in my Uni room again. For someone with a fear of spiders, this is horrible!","0"
"@PumaSwede Tragically, my top girl, i'm having a Goodyear not a Goodyear! Boooo!","0"
"ugh! there's no cable in the bedroom  and my brother is roasting a duck.","0"
"Dammit... dentist today but no money to pay for dentist","0"
"@THEE_LiTEBRiTE me tooo!! But gotta get up!","0"
"Not feeling good at all..practice till 10:30","0"
"I miss my baby so much! Ha! How many times did i say this today?! I really miss him..","0"
"is ready to kill her biology professor...and her head really hurts.","0"
"Getting ready for a meeting, not sure what to wear....HOT PINK LIPSTICK...or HOT orange..ummmm tough day  lol","0"
"drats my weekend photo session cancelled due to swine flu  precautions in nsw  http://bit.ly/TLXD4","0"
"@sebsonfire fuck web","0"
"I'm back home, I don't feel too good","0"
"is hoping for a fit copper but bet he FUGLY  lol","0"
"@edwbaker vents were turned off for filming and i didnt know  solvent abuse is rubbish!","0"
"is back in the studios!! feeling really ill though","0"
"@XxHollyJoannexX ohhh holly how did u do that what did u do??lol","0"
"wonders why it is hard for me to make a decision,i don't want to regret it again","0"
"still nothing from Ann","0"
"My tan is fading  and it's not sunny out, so there's not much I can about it(going tanning isn't an option for me, yet I long to be tan!)","0"
"Tanning at 10am. Hobby Lobby after. Then I have to come home and clean.","0"
"@holidayfromreal my hct anniversary would be tomorrow","0"
"@Glasgowlassy lol aw your fum must be killin ya!! Bet you didn't want to go to work today?","0"
"thought I'd sleep good with the rain &amp; thunder, but I'm way tired this a.m. and am wishing I was at home to go back to bed","0"
"@singduke I was KNOCKED out like 5 mins after yall dropped me off  lol! @markmyuse when is your summer class over?","0"
"@emily_c getting knocked up will do that to you  hates it. I'll be your surrogate daddyyyy.","0"
"@ayingling @sbasista @lvernal I stained my shirt again today  @dferrari=FAIL","0"
"Sleepy  must get up and get ready for the day! http://myloc.me/2stP","0"
"Have 2 PC's and a Mac to fix tonight, and thats before I play football.  All I really want to do is get nice and stoned","0"
"@mrslevite in the dyeing pot. what am i doing wrong???","0"
"Why can't I sleep????!!??!","0"
"The spiders are returning and making homes in my Uni room again. For someone like me with a fear of spiders, this is horrible!","0"
"hey @DallasSymphony. any promo codes for Brian McKnight?! and...quandary--where are best seats?! grand tier? orchestra fl? front gone","0"
"...now concerned that BNP is second on trending topics though","0"
"i am soooo ill  got sent home from college x","0"
"@elexismonroe Sounds like you haven't had a good start to your day Elexis  Anyway someone like me could cheer you up??","0"
"home and away (i've been home to watch this every day this week?)","0"
"Reading Book #4 in twilight....I love these books lol. Im really sleepy  ugh.","0"
"Not attending any Cielo NY event untill july 17th!","0"
"I realized that it's so hard being a masochist... haist.. I really can't understand him.","0"
"@industrata Not gonna go.  I had intended to be, but &quot;accidentally&quot; made plans without realizing I wanted to go there tonight.","0"
"I am trying to have more dreams than regrets, but it is hard to push away the guilt for things done wrong.","0"
"just got screwed over by EIR  after studying for like 3 days straight...","0"
"GRR .. English &amp; Science exam tomowah hate science  !!","0"
"im praying my new haircut will distract everyones attention from my shit presentation","0"
"I'm feeling kind of yucky this morning","0"
"My mom has to work tonight and I have to 'babysit' Mila, so I cant invite friends at home","0"
"Cheney on gay marriage: 'Freedom for everyone' http://usat.me/?35222214 Why a state issue? Why can't it be a national issue?  not right","0"
"learning history","0"
"ugggh I hate ie6.  or maybe it just hates my stylesheets.","0"
"@ShropshirePixie are allowed to unless you tell them very specifically not to).  Also the amount of detail required to report is huge","0"
"so saaaadd.. i cant find some of the answers in the internet  what am i gonna do??","0"
"@JonnyFabulous :O return of the poorly eye! Sad times","0"
"@iuwii I don't have internet either","0"
"@Wale WISH I WAS THERE!  The Chicago show was AMAZING. Now I'm missing the one show that COUNTS!! I know it's gonna be one to remember!","0"
"@annabadtzmaru lmao I'm cutting back on the c.m but I went today and they asked for you  makes me sadddd!! Omg I'm in school from 9:30-4","0"
"Installs all day. This is gonna suck","0"
"Sigh... put it off long enough. Have to take Questran for my tummy and it's the most horrible stuff. Get really sick without it though","0"
"I don't feel good today.","0"
"home alone  been studying non-stop i need a break. but everytime im having breaks... my mind kept telling me i did not study enough! help!","0"
"I slept through all that thunder.","0"
"thinks everyone should leave Susan Boyle the fuck alone, poor thing, sometimes i hate this fucking world","0"
"@louhaffner have you heard it? Amazon out of stock so mine didn't arrive yesturday  have to wait up to 4weeks!","0"
"probably missed out on presale, hopefully ney is prepped for when they actually go on sale. sad he won't be able to come","0"
"Taking Jaden to the dentist at 11! This will be fun!","0"
"My first electrocardiogram....  I can say I feel much older now. My grandma does that! Welcome to the club, Anna...","0"
"Rain make head hurt.","0"
"@tmmusicpr I fear my finances may prevent me from attending  Looks good though - her and her Shapes are great live...","0"
"I wish I had a breakfast sandwich and coffee right now","0"
"Morning all! Time to start another day of unemployment!","0"
"At work. Servers going nuts for some reason. Think today will be crazy. Was to close on refinance of house, but BoA screwed up. Upset","0"
"how can I be out of eggs? no baking for me this morning","0"
"*website down*","0"
"Doctor said he couldn't do much about my headache  so I'll have to wait untill it's over. Now I'm sick @ home doing homework.","0"
"DaMn Can't See NothinG On This Phone Grrrr!!!!  Must Up Date","0"
"@skygel Yeah, coz the black boxes will automatically turn off in 30 days.","0"
"@chayra hahaha.. U know.. As always, i left my cellphone in my room.. I know its a bad habit..","0"
"Where's the sun gone??? All I can see is a sky full of clouds","0"
"i need to get me some sleep so i can last the weekend!! good thing i can sleep on planes!! oh wait i have to study","0"
"Farewell to fellow Twitter-ers in China  the Chinese Govt just banned Twitter, Flickr &amp; many others http://budurl.com/9yfa","0"
"I miss my unlimited online life","0"
"@alunkrees I know!! It went in as soon as I went out!!","0"
"Stoma is really dragging me down today.It has caused me a lot of pain today.Consultants secretary is no help at all &amp; very uncaring.Sorry","0"
"@endlessblush Oh no  are you ok?","0"
"@Zoeisacreature It's not very good  I'm not feeling very creative recently!! did you get vegas 9 working ?","0"
"@bdarfler As of now no  Le sigh...have fun though!","0"
"@LatinaNichelle4 Sorry this MATH class is whooping my ass  fuck polynomials","0"
"My head still hurts   going to work anyway","0"
"have to work 2night","0"
"@michaelkreagan @lolasmom {{{hugs}}} to you both today...   RIP Sammy cat, lucky to have had you two as pets...","0"
"Midterm today. Then I'll be napping forevvvs. Being sick is just unfortunate","0"
"Man, regex and mod_rewrite..  Can anyone help me. I want to take a match and replace dots with pipes - |","0"
"maintenance says it will only be a few hours, I may die before then...   melting","0"
"Friday English-Test  Happy! I've written C in Latin","0"
"SUCK! The pckg I thought was my laptop came but it was my free iPod Touch. Laptop will be here June 8.","0"
"@hardrockhotellv Why can't Gavin be there in July!!!!","0"
"@gassho if you don't follow me, then rather difficult to respond to messages just to me  congrats on ur son's accomplishments!","0"
"@RandomTrouble OMG, for me, that would be the best cinnamon raisin bagel EVER!!!! Sorry yours lacks them","0"
"Sooo bored exams finishe on monday and now there is nothing to do :/","0"
"And I really have no intention of going anywhere either. Though I do want someone to come over and hang out with me","0"
"My hands hurt! Ouchie!","0"
"Sat in the IT room munching mint imperials  haha. Why is no one in today??  Haha. Ahh well!","0"
"I need to do some Biology and Physics revision","0"
"@daybreak1012 I wish a week off would fix mine, but unfortunately I know that's not the case.","0"
"bored. i have to tidy up my romm  sooo awful","0"
"@sebduggan re surgery // glad to hear it's been partially successful, sorry to hear about the tumour","0"
"@AlexterAyiUy http://twitpic.com/6j0ny - I miss this tooooo  hahaha emo time","0"
"Time to work as an aide until i get my niece &amp; nephew, mike got laid off today            -: Carmen :-","0"
"just finishing packing things that I'll be bringing with me to the boarding house. I'll be moving in 3 days.","0"
"still no bloody phone","0"
"Fuck..... Today it's raining","0"
"Forgot it's National Running day and ran INSIDE.  I'm scared to do outdoor runs lately because of my stomach.  4.47mi, 36min + 4 cooldown","0"
"Why am I being punished with pain?","0"
"Too early to wake up.","0"
"I am starting to get hungry again, and we have no milk at work, that sucks alot. I want milk to my coffe.","0"
"@mitchelmusso come to the UK!  PWEEEEASE ?","0"
"@LilCease HIT ME ON THE BB (LOL)&gt;&gt; RUNNING OUT TO A MEETING&gt;&gt;THEN I HAVE TO  FINISH UP YOUR STUFF..  GET UR BB BACK","0"
"Just ended a snails life. By accident of course, just like that.  I wish they would just stick to the walls.","0"
"@cupcakemafia  feel better. if u're up for it, u should watch 'real genius' while u're down, oh, and 'juno'! that's a good sick movie.","0"
"@myrafur oh no  that sucks did she even call?","0"
"Woah. I'm having a rough evening. err. My mom and I had some disagreements  tsk. I wish we weren't mad at each other anymore :'[","0"
"It sucks when 2GB of RAM is not enough anymore","0"
"Just come out of my french listening exam. Wow some bits easy others reeeeeeeaally hard","0"
"I must have ate something bad yesterday... me no feel good!","0"
"It's like we both want the same thing when it comes to love, but we're too scared to do something about it..","0"
"this whole &quot;broken ankle&quot; thing sucks mega ass... i don't wanna play anymore!","0"
"We're getting traffic to our sites from bing.com but... google analytics isn't tracking keywords yet","0"
"@lovemonk I wont be able to party with you Sat   Selena will be on a Church Retreat and Sat is Family Day, so I have to go there.","0"
"just finished packing things that I'll be bringing with me to the boarding house. I'll be moving in 3 days.","0"
"What we have to look forward to in CA: ...&quot;cutting about $8.1 billion from public schools&quot; There's nothing left to cut  -Maybe cut kids?","0"
"@shamilas I'm a terrible tweeter.. didn't see you response until now","0"
"Feel like in the poker game of life I've flopped a set and life has caught runner-runner flush. Sigh. Just don't understand","0"
"Sitting at work on this gloomy day.  I love rainy weather...just not when I'm not at home","0"
"trying to do to many things at the same time","0"
"i just left my kids in a day care","0"
"The one night I let myself slack off and nothing goes right.","0"
"is down with the flu  ... Anyone passing by Blockbuster later?","0"
"I wanted a banana but the banana shop had none","0"
"Ah a good work out...haven't had one in 1 wk...hurt my back at work","0"
"@danieldececco Boo! I can't believe that's happening and i'm missing it on account of SCHOOL","0"
"@Torae I passed out...  - I wish I was there , ill make it up 2 u bout 2 blast &quot;double barrel&quot; all day...","0"
"@Bev_W I missed it - insomnia to beat with a good sleep last night. I hope they played better than the result suggests.","0"
"only just realised that its not twitterberry that I have on my phone...","0"
"what up twitter fam I'm dealing with people who have no brand management skills today unfortunately they related 2 my boss","0"
"@Dannymcfly ok it's time to say goodbye and I'm not fine about this, I really hope see you face to face on the next time","0"
"@ashurbadaktu Right there with you.","0"
"doesn't understand twitter  xx","0"
"LAST DAY OF HIGH SCHOOL..EVER","0"
"@KGWSunrise Russ: Bad people will do bad things, no matter how secure we think we r. Its in their DNA","0"
"Ugh! Such a beautiful morning. But I won't last cuz of rain","0"
"TWEET. crappy genetics work i cant do. crappy ecology work i cant do. cba to do anythinggg  babysitting tonight! :]","0"
"@taylorswift13 Taylor please follow only have 13 followers  plzzz.. BTW love the songs!","0"
"@emily711 I saw you! but we were about to leave so I couldn't come over, sorry","0"
"(@lisa365) NTS: do not floss the morning before a dentist appt. I has a hurt","0"
"@mileycyrus i am huge fan of you and i think we have the same character...greetings from Germany,I'm 16 years old...want to be like you","0"
"Gotta work tonight aswell now!  it's gonna be along day","0"
"@NiarckVanity it was scary","0"
"BoA has drug out the refinance since January. It has taken so long some reports expired. They have to redo them which causes more delays","0"
"@Mom_11 We had a dog when I brought home Eli..did the SAME thing...he now lives with my parents","0"
"&quot;If there are no survivors, it would be the world's worst aviation disaster since 2001.&quot; Gosh.","0"
"i kinda need you right now mom","0"
"I need to cut the grass before the rain comes but...can't get rid of this last bit of headache.","0"
"@whiskey_kitten www.Pandora.com - plays music based on an artist or song that you pick. ONLY thing is I think it only works in the States","0"
"@NicoleHainey23 itz frezzing up here   u still burnt btw? n did u get that link i sent u on here o that pics o zac","0"
"the day was toppp!  i already miss my little brother  it's just for one day but it's not the same..","0"
"Is dreading Friday.. Missus dragging me to see Take That.","0"
"awww  i neeed a plus one!  but fuck it cool beans~","0"
"Miss my mom","0"
"@ReadingsBooks that is tragic news","0"
"Jeheeez Jst Ate a Whole Packet Of Oreo;s.  Needa Drinkk Now Lol.","0"
"@matthewsapien nooo! really?!  but but..why? lol","0"
"@cycling_yokel it rains more in indiana than *anywhere* else i've ever been","0"
"Ate something bad","0"
"tired.  tired.  with a slight headache!","0"
"must go to the gym.. haven't hit the gym for AWHILE!","0"
"We were on my mind the whole of today even though I was with Sam @the movies after buzzing with my model. O Kx, things aren't cool now","0"
"@unikissa oh my.. that's really horrible, it's shocking  I hope your friend's dog can recover...","0"
"@Lindavesinger doubt i will be doing any trips straight when i get back so  prob wont get to any","0"
"Last week at the Marriott","0"
"So, Twitter isn't very confusing.  Also, no one I know has twitter","0"
"i wish they would invest a dang cloning device already, so i can send in my clone to work and stay in bed","0"
"@leni6 Lucky you going to Cyprus! I want to go to overseas this year but have no money to","0"
"I'm off to work - It's difficult to leave your child at home with a 103 temp, sore throat, cough and an ear infection in sweltering temps","0"
"Rain rain go away......","0"
"is Utterli in it's last days? The site has slowed to a crawl","0"
"@CaliLewis That press release is sad.","0"
"Freakin sleepy  can I make it until midnite?hhhhh..","0"
"Bored, bored, bored.  Still doing the old same thing!","0"
"And I feel really bad for Jason cause his female boxer died yesterday. I can't imagine that happening to my babies","0"
"@shortfastloud hey i missed the new alexisonfire song  were else do you reckon i could here it? is it as good as young cardinals? cheers.","0"
"i want mitchel musso's new album","0"
"well th lil man has tonsilitis, so a wk of calpol &amp; anti-biotics! he was not happy when i had 2 wake him to go to th docs! poor lil man!","0"
"In London today. Back after 4. Tweet me till then!! I wish I had a truck that floats!! Traffic","0"
"@quinn_keshalyi havent rly been going out. But i might visit the doc tom.. D0nt thnk its swine flu. Tnx girl. I miss my mom..","0"
"Iz headed to band practice.","0"
"#Happy woofwednesday, my precious  5 yr old Golden named Bella has been suffering from seizures. Meds definitely affect her personality.","0"
"I don't want to hate on @JewelStraite as I am a HUGE fan and she can do no wrong.  But her website is NOT what I expected...at all.","0"
"Wondering why females are so damn complicated grrr","0"
"@vixensfantasy @rkaudio Im gonna miss you guys today.. damn stupid criminals have forced me to go do my civic duty","0"
"Photo: serialkiller: I miss you, Kurt.  http://tumblr.com/xws1xuxr4","0"
"@19Shonda86 awww dag Shonda","0"
"Back at it for another day.","0"
"[-O] In London today. Back after 4. Tweet me till then!! I wish I had a truck that floats!! Traffic  http://tinyurl.com/oyoloe","0"
"My goodness, it's getting harder to update with only 140 characters available...  Boo.","0"
"My Macbook screen in a constant state of flicker","0"
"@andrea_r There are no words.  Hope you were able to encourage them.","0"
"@torae I cldnt make it  I hit u tho.. u aint gittit?","0"
"Just saw the pictures from the hen night","0"
"@AlexAllTimeLow so bummed I couldn't come  you're in brisbane so drive up about 17 hours and you'll reach where I live.","0"
"is awaaaaake. Last update was only 6 hours ago","0"
"hugging my pillow on a cold rainy night... boo is on his batcave","0"
"when the heck is New Moon coming out I'm dyinggggggg","0"
"Pulled a muscle at the gym.","0"
"in beauty therapy! too hot  xx","0"
"working and trying so so soooo hard not to be sad while i sit here and drink coffee to make up for my two hours of sleep","0"
"@rizwaniqbal i've been telling @HarshG and @maneeshm to get a puppy in office...but so far my please have fallen on deaf ears","0"
"@danieldececco i know. If their denver and salt lake dates would've flip flopped it'd be perfect","0"
"Now watching LOST.  Series final, then one more series to go next year and it's over","0"
"going to the dentist now to get 4 cavities filled. can i express how not excited i am about this?","0"
"UGH! I am sick and I have so much to do, including moving! Wished it had held off for the weekend!","0"
"@RockinChick09 why u hates","0"
"Zeta is getting old and I dont want her to go to doggy heaven anytime soon  http://apps.facebook.com/dogbook/profile/view/5960229","0"
"@liamholmes sun wasn't out all day here either...very depressing stuff...it's so cold and rainy and all my washing is out on the line","0"
"@blakeblackout oh. im sorry  how bout me and anna move tomorrow.","0"
"Can't believe some people still have sunshine...it's grey and chilly in Wales","0"
"I've got cough","0"
"whoever cataloged these genealogy books did them ALL FUCKED UP AND SHIT so I'm having to look up pretty much every county in TX and OK","0"
"ouchhhh feel like they're falling to the floor........","0"
"No matter what time Hannah goes to bed she has to wake up before 6 am  Sooo tired!","0"
"stupid right side of neck/back/head muscles are in rebellion.  Clearly I should take up being left-handed.    ow.","0"
"boss is always right ...when he is wrong","0"
"not very well  ox","0"
"Happy Wednesday. no fun being sick. ugh.","0"
"Ok totally out of the loop here #idontunderstand when #whenItypewitha# what it #means   o.O","0"
"Up late today, gotta work tonight","0"
"I do not feel like being at work today.","0"
"@siobhant I want it!!! I love Dubai.","0"
"It's ment to rain the rest of the week! I wish it would stay hot and sunny for a bit longer","0"
"I feel like I'm going to die","0"
"@mel161278 - hey hun, I'm good hows you? I'm still trying to track down my ticket for amsterdam - bloody ticketmaster!  xx","0"
"@HungryGirl just a cup of coffee   i know, bad girl","0"
"itchy eyes, scratchy throat, runny nose. allergy season is so late this year","0"
"Woke up late","0"
"@bethharperwalsh haha, trying to sort out moving and jobs ect ANNOYING &amp; my computer is being slow, heart breaking","0"
"is losing his pass code.... cannot login to his account....","0"
"Oh no! I was so stupid today I forgot Naomi is on msn today, and now have have to wait another week- fuckkkkkk. wishes I was in Nepal","0"
"argh i dont feel well","0"
"house chores!!!","0"
"@buck3t25 dude....she SOOO doesnt reply to n e thing hey... no one does","0"
"i'm not tweetin much today, it's probably coz i have nothing to say (haha it rhymes) but in the end i'll find a way (yea tht's nice ha)","0"
"God damn it I need SOME SLEEP!...","0"
"@GreensboroGrub Nice photos! I am really bummed I wasn't able to make it.","0"
"So today is the day we sign the contracts for our first big project. So that means tonight is my last night with free time","0"
"ooohh very low on the GCC09 step count","0"
"Finally I am up b4 10am LOL, Morning Family!! Moment of silence for my neighbor who lost his Dog today. Never let you dog out your gate","0"
"@RadioRah #radiovixen more sad than funny  I'm sure her daddy is somewhere shakin his head (tsk tsk tsk)","0"
"workin' all day","0"
"Of course I'm awake now","0"
"@Sola_Kuti i hate u guys!...discussing without me...not fair!","0"
"@inky_skillz Yes, I need to....I'm going to eat this whole box!","0"
"shower, breakfast, bank, making hair appt, babysitting, and NOT going to lunch with amelia","0"
"I miss Snigglets ... the original Urban Dictionary","0"
"@onezumi  I dont know what to say there. Everyone has problems, and theres those out there that try to make others feel better about ....","0"
"@theadb Damn you. Just read your profile to see if I wanted to return follow and now I want chicken fingers.","0"
"@entoenkullu Yeah. One can only imagine how awful it is to the families and friends.","0"
"@jamestubb omg yessssssssssss, i can't even guess whats going to happen! omg","0"
"off to work now..  see you soon","0"
"@rastamiller hes been here for 7 days, 3 of which he has had the poo poos! I'm coming home tonight, but I have to tidy out the shop boo","0"
"good morning tweeples. I think im getting sick","0"
"does anyone wana write my letter of application for me?? big me up some what?? its too sunny to work","0"
"I have a sore throat","0"
"@lalayu  i'm sure @madsoli3 doesn't want you to leave yet neither","0"
"Off to school  and good morning twitter world","0"
"Saying GoodBye to everything..","0"
"@Angel42579 I guess no followfriday for me   Plus I have gone from 145 pounds to 200! Is their a connection?","0"
"@Munkikis I miss talking to you..","0"
"@AlexaRPD hey u never post pics of ur self? U always talking about ur job &amp; stuff but u never let no body see u","0"
"I'm up! Late but up. Something knocked the robin's nest out of the tree over night.","0"
"Of course my only day off this week and it's cloudy","0"
"At work.  Blah","0"
"@_kotenok  You need some goggles. Cyber, not steam.","0"
"@xthemusic ....bonds are made using violence? Surely he'd just be scared of me? Maybe that's the best I can hope for","0"
"Leaving Vegas, bye everybody","0"
"@NicoleHainey23 ha ha aye but it wiz sunny n hot untill yesterday  aw rite jeez u shud of put on sun cream n after sun n kwl kwl u seen","0"
"left work...I was pretty useless there today","0"
"@sbys me too it's so fun.","0"
"$85.00 is the new 15.00....","0"
"At the dmv AGAINNN...","0"
"I wanna cryyyyyyyyyyyyyyyyyyyyyyyyyyyyyyyyyyyyyy","0"
"@xxkamm I REALLY WANT YOU TO COME!","0"
"@bbellush you think that now....give it 2 weeks! i agree working in manhattan is amazing but the commute SUCKS!!!!","0"
"@sconexgirly1991 Not Cool!!!  U makin me feel like do do now! Muahzz Bree!","0"
"revising english poems","0"
"It's austin's last day of kindergarten! My baby is growing up","0"
"Bed time. my eyes can bearly stay open anymore  Goodnight Fellow Tweeters","0"
"David Eddings died.","0"
"Got a fever, fuuuck","0"
"Ugh... My computer is sooooooooooooooooooo slow today...","0"
"trying to do a past paper. can't do the first question","0"
"Should you feel ok being broke if all of your bills are paid? Mom says I should but I don't.","0"
"The oracle suggested that my daughter would grow more powerful than me...I *may* have to eat her when she's born.","0"
"Ok so definitely not having a good day!","0"
"I slept like a log. Think I'm falling sickkkk","0"
"@Mykale007 same here.. but cloudy","0"
"Ugh mr.graham is being mean today!!","0"
"is geting ready for work","0"
"At school, and doing nothing.","0"
"Of course as soon as I say that mom tells me to turn my music off...","0"
"@rodosu Yeah. Dawn just sad she true to.","0"
"@dorianmuthig  it isn*'t funny   it is horrible","0"
"@swear_bot sooowwwrrryyyy","0"
"@24RED1 Says it again.  Unfollow/follow me.","0"
"@mitchelmusso Me I can't BECAUSE I LIVE IN FRANCE ON PARIS harggggggggg!!  I'm not happy","0"
"Kind of outraged for educators in NC this morning.  And scared for what the future holds for our children","0"
"This dance-thingy ruined my night  I want tomorrow - the dance part - to end quickly. Amen.","0"
"where has the sunshine gone?? i dont want it 2 b cold .... its meant 2 b summer!!!!","0"
"Good morning Twitterville! I am in class once again","0"
"@1flyharmony aw I missed this...just got home","0"
"at david eddings dieing, a brilliant author and will miss his skilled penmanship","0"
"Took the cat to get spayed today. Bradlee cried because she won't be able to have kittens. A very sweet/sad cry, his little lip quivered","0"
"Walking my ass to work, then hefting 2&quot;x8&quot;s all day, making sure no one gets dismembered, then walking my tired, sweaty self home again","0"
"@jo_whit Hmm I have more that one pile now tho!","0"
"I'm so disappointed in the high volume of testing to which my 5th grade daughter was subjected this year.  evaluation &gt; education  =","0"
"@alphex yea i'd say 90% of the people following me have SEO in their profile","0"
"Ah  coffee machine is broke!!!! I NEED CAFFEINE!!!!","0"
"Why must people in this fandom be so mean to eachother?  Or people who think different as them? Why can't we all just respect? *sniffs*","0"
"@PembsDave I need a refill  #NationalTeaParty","0"
"@aliciacurtis great work - go girl! Well done. I would join but sometimes there are disadvantages of being nearly 50","0"
"are stuffing envelopes","0"
"@erin82883 i don't know. i thought he was all happy since he was saying happy things on twitter, but i dunno.  emo!Pete is being emo.","0"
"i have pins and needles in my foot...","0"
"is ready to go back to bed.  and my eye is swelling","0"
"nice to see my latest website works on at least 4 browsers, fonts look grim on pc though, ...can't have everything..","0"
"sick baby..I feel so bad for her","0"
"@ZettaGeek You know that spare system I used to have in the barn? I must have fried the MB with a bad power supply...  :S","0"
"@laurajane29 I fall over in killer heels   Or is that the drink!! LOL","0"
"@djlioness u see that! You didnt even notice meeeee!","0"
"@IzzyJ_Is_Here Sorry that you have to deal with that....plus the no ac thing has got to be horrid....","0"
"@elijahmanor Why Entity Framework (ADO.net) don't work with Vista SP1 ?","0"
"Just woke up, my body hurts","0"
"AARGH! Why was Safari set on &quot;Private Browsing&quot; I have almost no history for yesterday....","0"
"Wish I didn't have to move   Oh well, can't stay there anymore","0"
"@erin82883 i dunno. i thought he was all happy since he was saying happy things on twitter, but i don't know.  emo!Pete is being emo.","0"
"At work early going to see my neice graduate from Pre-K today OMG she is growing up too fast!","0"
"@ladylok ~ No, I haven't seen the movie yet  Maybe I'll see it this or next weekend ^-^","0"
"Where did the sun go?","0"
"learning frence, very boring.","0"
"@photoindustrial anytime, i totally agree, the thought of the whole thing is really upsetting.   I sent the petition/letters a while ago","0"
"SOOOO disappointed.  Looks like my enrollment counselor dropped the ball and my start date is most likely pushed back a week","0"
"No hay parking  #fb","0"
"ugh stupid fever. I really feel like vomiting.","0"
"@cfreshdesigns  Try to have a good day anyway","0"
"@KittyKat_1988 Nope I checked all my pockets  I'll keep looking, Hope i've not lost it","0"
"@Emmieman ah....shit. like raining ALL THE TIME?? noooo  im going tomoro morning!!!","0"
"is drinking water like crazy...  sad day- No soda for me anymore","0"
"I didn't know cleaning was this painful","0"
"ASS-IGNMENT!","0"
"@EAmobile The Sims 3 is No.1 in US app. store ...It's not in India","0"
"lying in bed with the sniffles, sorethroat, and a fever...","0"
"my knee is screwed. big swollen and sore","0"
"Manchester - you may enjoy @cornerhousemcr and @whitworthart - there is also @northernquarter but it appears to have died.","0"
"@jenarooo no :L just some drilly thingy.. i dont know what it was. i have to go back like next week for 2 fillings","0"
"@junbug80 Have to work Friday - my schedule is messed up again.   I have more books for you though &amp; will try to get them to you soon.","0"
"@x0xbsx26 nice picture betch. my tummy is showing","0"
"I feel like shit.  and this room is always really cold","0"
"@veepveep oh gosh. Uggghhh. It's the only thing I can think of right now. Fix it! How can you fix it?","0"
"Not really @joedacamel cause this place drains me  Do I have to go back to work after?","0"
"@clrzqstn I know..I'm confused too  and I kinda only feel this way when i like like a guys..I'm soooo confused","0"
"exam not too bad today just have to revise the hell out of physics for friday aka: my birthday","0"
"I don't even want to talk about it","0"
"why aren't any of you on","0"
"The Air France news. Very sad.  My thoughts go to the families.","0"
"Jailbait is neutralised and defeated by  the geeks blocking that beautiful girl while talking about add maths and world of warcraft","0"
"is wanting to go for a run but it looks like it's going to rain cats and dogs very soon!","0"
"paul just got wheeled back...this is going to be a long morning in the waiting room for Van and I!","0"
"@radicoon Quite easily actually.","0"
"@apexjason We contemplated Hypericon, but it's just a little too far for short notice.   There are huge mountains between NC and TN!","0"
"is wondering why she couldn't sleep at all last night and how she's gonna stay awake and find time to study for all her finals","0"
"@jennytsang ah well  the weather was good while it lasted. and you were going to have a BBQ?! How was i not informed of this :O!!","0"
"is fixing to go up to the school to make-up some quizzes  GOOD MORNING EVERYONE!!!","0"
"@etherfast tocmai fac debugging pe IE nu imi mai aduce aminte de IE","0"
"@harrybailey Thanks! Unfortunately, they are long gone.","0"
"@CarrieP That's no way to start a day.   I hope things get better.","0"
"@vaLewee I know!  Saw it on the news!","0"
"i wish i knew what was going on in Lost","0"
"just ate 8 sandwiches... i want one more  but NO NO.","0"
"@ckpete2887 Me too!! Too bad I am working!","0"
"@thescript I didn't know you guys would perform at Pinkpop, or else I would have come too!  You were like, only 50 kms away from my house!","0"
"i wish there were 48hrs in a day  i m so busssyyyyyyyyyyyyyyyyyyyyyyyyyyyyy","0"
"Same truckstop brkfst place in Thunder Bay trying 2 eat healthy. Bring my own rice Dream+bannana+they've run out of oatmeal  That's RnR","0"
"username changed from @ToastandJamm to @Played_Out. Seems weird! Kinda got used to T&amp;J  but think that it's probably for the best! #fb","0"
"@thekingofpersia Whaaat? THAT issue was thrown out?!  And yeah that scene pretty much established why you don't fuck around with Magneto!","0"
"doing thesis..need to finish because one more research to go","0"
"@hellaradstar You are lucky! Alot of people are having disc authentication failure and cant play until they make a patch. Im jealous!","0"
"Phone is dying.   I hate the battery.","0"
"@picard102 Huge help! Thank you so so much!!! So Ikea didn't have any dressers for you?","0"
"facebook's playing up  grrrrrrrr","0"
"@Irish1974 @dannywood Irish, it totally and completely SUCKS!!!!!!!!!!!!","0"
"#woofwednesday we had to put our 12 year old sheltie down on memorial day.  he was a great &quot;little dog&quot; i highly recommend the breed!","0"
"In school. I think I have a cold.","0"
"@bop24buf i'm lifting stuff and moving things and i just got stuck under my bed","0"
"Every mtg I attend I become more distant &amp; disappointed w/ the realities Im a part of. I don't know how much more I can stomach","0"
"@ParentClub If I'm not following you it's Twitter's fault. I didn't unfollow you  Also: Sad you won't be there - Next time for sure!","0"
"Load shedding coming back  #mallu #kerala","0"
"@matthewsapien aw nooo! i love the hush sound  where did you hear this?","0"
"@DaRiddler352 ?? Wtf! So your a bad-boy now?? *smh","0"
"OOC( Now to, try and rebuild my story... and remember what I lost when MS Word crashed.... (no it didn't save a copy either  ))","0"
"@schofe funny on 'this morning' this morning! weird saying that! not long till ferne goes hey  boo who love you guys! have a nice day!","0"
"back at work","0"
"@vanhemlock Bad luck, buddy  Now to execute my back-up plan. PAINT SOME SQUIGS!","0"
"Paolo Nutini - Candy... why does this make me all teary.?? its crazy... i love it but it makes me sad!","0"
"not feeling the best todayy!  gone to lay down and take a nap","0"
"@FamousPenName I am lost. Please help me find a good home.","0"
"@RockinChick09 Oh  AND AWW.. WHY U WANNA DO THAT TO ME lol","0"
"i hope i get to see my dork soon! i miss him","0"
"tired of exams, tired of everything","0"
"is throwing a post prom party","4"
"@ANNIKA59 @ThePaulaCreamer @themichellewie  But it will be fun tho.  Can't wait.","4"
"@CalebFTSK I BET YOURE WRONG!","4"
"@bklein34 I'm one of those who composes hold music. Think you'd like mine though.  But, it's only used at 1 SoDak biz.","4"
"@bethharperwalsh thanks","4"
"@DavidArchie Sorry to be asking this, but what's AOR? Hahaha.","4"
"@HarryRHamlin Hey!!! Just wanted to stop in and say HELLO! So...HELLO THERE!!!","4"
"family is the best. I get a night on the town w/ @chef_shane while @tromamusic &amp; @chadmwright ponder life questions over chips n salsa","4"
"Just got two new pairs of sunglasses.","4"
"@_BellaCullen18_ Like 2 hours away...*still crying &amp; tired* night ttyl","4"
"aww i saw the new moon sneak peek....very cool  HAHA","4"
"@FoxWhisperer noted  thanks for the heads up.","4"
"@ddlovato you need to take one on vacation with you from now on! haha....im serious","4"
"@thisgoeshere lol joanna....you make me giggle!!  #andyhurleyday GO ANDY!!","4"
"@pm_41 nah, prefer this way","4"
"Hanging with @marykayte tonight","4"
"@Silverahnia thinking bout yu","4"
"Is sleeping in her bed tonight and not by a campfire","4"
"@themoirai That's why I capitalized it.","4"
"@ChrisRyanMusic Step Brothers!","4"
"@ruskie818 Marbella, south Spain. For few days, need a break from London","4"
"played about 10 hours of volleyball today...no breaks and no lunch. rough tournament, but still a fun one","4"
"@jordanscookie it'll grow before u know it..bangs grow fast","4"
"@xomollydollyxo plus they really aren't that much better I guess. So I will get rid of them to make my subbies happy","4"
"@mackenziesmomma You know I do! Not only do I want to see them... I want copies","4"
"@MariahCarey Keep it up Mariah.. Can't wait for your new album...","4"
"Beeeeeeed!","4"
"@seishin17 We jokingly refer to Queen of Babylon as &quot;Queen of Baby-lon&quot; in our store","4"
"Mariah u sing 2 much lol","4"
"wants to go dancing","4"
"@wilddewjustice @badtimepanda You guys were amazing! I'll definitely miss you all this Summer!","4"
"@Jonasbrothers hope you're having fun rehearsing!!!","4"
"I'm going to chicago in a few weeks but might get to skip it to go to new york.","4"
"Dinner and xmen with the family","4"
"@AnnHeart good night","4"
"@CalebFTSK Wish YOU were here.  We're gonna watch Carrrrie!","4"
"@elevatorfight  that would make my year_ o soo much__ how was tonight!?","4"
"check it out    http://www.hadelproductions.com/junker2.jpg","4"
"I think it's time to get more music for my library","4"
"GoodNIGHT!","4"
"I had a great today, I pray the everyone else did too ~Felicia~","4"
"3 and a half hours of babysitting two adorable, well-behaved kids gets me $25? Nice!","4"
"I think i love mls... Or jungberg at least  he is the nw david beckham","4"
"the new @bravecitizens songs are AAAAAAMAAAZINGGGGG.","4"
"@pimpjuic3 one last tweet before I head to bed. I really hope you're feeling better and that you're having awesome dreams  i lava you","4"
"I LOVE that one accounts spamming can make something a trending topic  funny stuff","4"
"@CaliforniaLocal  Okay who lives in San Diego and wants to be my date to prom on June6th? Any takers?  Haha &lt;3","4"
"http://yfrog.com/5ealtsj That's my baby","4"
"@xLakeEffectKid Haha it's on one of my singlets I was experimenting with a while back... That sounds awesome","4"
"@shuddabsailing So, mr shuddab, tell us what you know re #reducedbrainvolumefromchemo","4"
"Preparing for a big trip to Detroit tomorrow..be safe twitterlings..! Night","4"
"@ddlovato cnt wait to see you on stage haha  love love love you!!!!!!!!!!!!!!!!!!!!!!!!!!!!!!!!","4"
"Just staying up late cuz it's summer.  Possibly playing some CoD4.  Probably surfing the net...God I love WiFi","4"
"@athefitz No, we luvs yas. I'm totes posting pix here, too.  Don't forget tomorrow night - I'm getting TRASHED. You can walk me home.","4"
"@emxy14 haha think I got that one... thanks anyway","4"
"@igordesu Yeah, I love that effect.","4"
"almost forgot to tweet this!!! Cute boy, looks like cj baran, almost, 17, named nick from flo rida haha we danced   to shakira shakira!","4"
"@chikapii Reary? Take care","4"
"Work is stupid.. But @digitalm1ckey and @tiff_th coming by made my day  Have fun watching UP! &lt;3","4"
"Past my bedtimeee.. Goodnight","4"
"Waiting for mum to bring me home some BK","4"
"FINALLY in the single digits!! my goddd I cannot WAIT! 9 MORE DAYS!!!","4"
"@ddlovato I had one!! by my side actually !","4"
"good day","4"
"@tmcbforex thanks  my followers usually stay high 60s or low 70s n tend to go up by a few then down by a few depending how good my tweets","4"
"is it possible to have a degree in procrastinating? cause seriously, i'm pretty damn great at it.","4"
"Im watching The Curious Case of Benjiman Button again, with my family this time. Im so in love with this movie   ceannycyclone&lt;3","4"
"@SnoValleyMama Yay!  I'm all about getting out and about!  Okay, will give you a call tomorrow or Monday.  Have a good night!","4"
"Now trying to fix my sis's blog... hahahaa! so fun! wanna achieve tat satisfaction when its done","4"
"1 rental car, 11 hours of driving,        1 wedding, 1 tornado siren, 1 hail storm, seeing family &amp; 2 safe dogs upon return... priceless","4"
"@ddlovato June 22nd for me! I'll be there 11th row with handmade hot pink shirt on","4"
"Total hrs sleep this weekend = 6. Should really go to bed, would rather go see a movie though","4"
"@Meema1 I just saw your Mexican twin at a club!","4"
"successfully escaped my house. glad swine didnt completely ruin everything","4"
"@steveaoki It was beyond crazy last night! love it. and btw, its Kuala Lumpur, not kua lumpur. hahah cute. come again SOON!","4"
"Crazy Twitter.... Silly Silly Brid u gettin it all wrong tonight!!!","4"
"@dreallday429 I'm from the bay all day  I'm Mexican n Japanese","4"
"why do i even respond to 'celebrities'? I'm a loser","4"
"@Alexa_13 haha I want to see pictures","4"
"2.3k update goes to @ohsnapitsalyssa &amp; @makemebad35 kus shes my best friend. and damian's corn salad video made me lol today","4"
"NoH8 campaign fuck yeh same sex marriage","4"
"Heh. Even Perez Hilton liked &quot;UP&quot;. Now I really wanna see it.  I hope the Philippine premiere won't take too long. :S","4"
"@kittyk welcome back.","4"
"@thedateabledork I know what I'm talking about when it comes to animal prints. Not really, but I can pretend I do","4"
"Is thinking that i mite nt be abel to sleep till @andyandyahh n crew get hme. Crap -tori","4"
"@screamingdeal it is! i'm so glad to be able to work with him more. maybe next year you should play guitar for us.","4"
"I would alwayslove this human girl, for the rest of my limitless existence -Midnight Sun. Edward. Aww. Isnt he soo cute?!","4"
"I'm secretly happy the kids are having so much fun. Viva la Rent-A-Center.","4"
"@gwynduffy where?","4"
"@CalebFTSK yeah i do, can i come over?","4"
"@mkdieb Didn't eat any...no beef or pork for this boy. I could make some tofu satay and e-mail you that.","4"
"i JUST figured out that @yelyahwilliams twitter is hayley backwards. wow. blonde moment","4"
"whoo the party was funfunfun!  had a great time.","4"
"@yod9 HELLO CHICO!!  Thanks for adding me!","4"
"@Gabiilee Wow,  Mexico City is very nice!  I speak Spanish,but little not much  my spanish is so nasty","4"
"Quote from youtube: &quot;everytime pastor troy's saddam song comes on I kick someone in the face.&quot; so I'm not the only one.","4"
"@greatfitness thanks for the shout out, Daniel! Have a great weekend","4"
"http://twitpic.com/6be5i My Senior Portrait. (I'll have to dig out the actual one from the yearbook next  )","4"
"@hellocaitlin Okay, Caitlin! This is my attempt at replying. I really hope this is going to work! Let me know.","4"
"is in bed, going to sleep soon, i wish my special someone was here to cuddle with mee  and fix the &quot;arrow shaped&quot; hickey hahaha =P","4"
"Someone come buy me drinks at The Porter? Kidding. Kinda.","4"
"So I think sleep is a good idea right now... Who agrees?! I do.  G'night!","4"
"@Jamerichin yay yay! Rememeber 2 strap up!  lol","4"
"@beverlys2 Sure. Will check it out. Thanks.","4"
"is wondering why i always get myself in these situations!! I know im smarter than this crap!","4"
"Just got home from the football game it was awesome we won  GottaBeSomebody","4"
"Gannets, dolphins, sharks, and whales hunting sardines together is an amazing sight, especially gannets flying underwater","4"
"@Cohenism Great BlogTV show. It was like Three's Company...only better.","4"
"Going to bed. Up early to go to a pet adoption thing. Text me.","4"
"nicole's with jess erica molly shemo michael josh dylan chris paul and nicole  partyyy.","4"
"Surprise hangouts with Andrew are always wonderful  Yayyy!","4"
"good thing i can't hear thunder when i hide in my room","4"
"@sexidance i am doing good  i has a house. how r u","4"
"i can't believe i haven't updated in 5 days! dang! well, here i am.","4"
"@PsychoBeauty lmaooo aww  thats so true tho ; i be feelin bad lol he aint never on twitter anyway smh ..","4"
"@seedlingstweets They are cute aren't they!  Please support them..they're only a brand new seller on Zibbet!","4"
"Some girl just tried shaking her ass in sean's face and he completely ignored her","4"
"@x_kcm87_x lol thats so funny! and completely unfortunate lol..i can proudly say: i didnt fart","4"
"i'm doing a language work","4"
"@loveyea Twitter.... Have U seen the logo  it's a bird... We tweet like a bird... LOL","4"
"So tired can wait to get out of these dress lol","4"
"Outty 5000, it's time to start drinking  text meee. p.s. only 140 some tweets left til' 1000! pumped","4"
"i'm out of props for you. Roy Orbison has been a longtime favorite  @TrainWreckRadio: &quot;@PatriciaCe NICE blip!&quot; ? http://blip.fm/~7cyz5","4"
"I haven't twittered all day. I had a bad day,but now im going to sleep","4"
"@30SECONDSTOMARS #marsiscoming goodnight  buenas noches @TheMarsFactory","4"
"Precious Noelle Hughes is hanging out with her mommy and daddy...   http://apps.facebook.com/dogbook/profile/view/6161957","4"
"@CT415 I agree. I think they all have that fetish too!","4"
"@santo You're in LA?","4"
"maybe's my last year in this place .. ! (:  and I'm so tired , SO good night everybOOdy !","4"
"@DoctorJohnSmith Cool!","4"
"@loverachel @valeriejean27  so glad you come out last night, glad to see that you made it home alive","4"
"@lsaldanamd &quot;may be better to have single source than no source.&quot; - Correct, especially if the source is reliable...","4"
"@gnomeaggedon  the first time he said it I totally didn't know what he was talking about. then I just thought it was funny","4"
"@temptalia Burning neon pigments...yeah my eyes were on fire too. BTW love your daily feeds. I read all of them!","4"
"@blaqbutterfli Wow, me too","4"
"Surf's Up is such a cute movie","4"
"co: &gt;&gt;9724378 You could read the story that inspired it.","4"
"Will call him during the week  let me know how many days you plan to stay and and ill see what days he can let u crash. Just you? Is i ...","4"
"&quot;All the small things&quot; about you just can't help but get my attention&quot;-","4"
"Phew! I'm tired! And my feet hurt! But my besties party was fun!","4"
"Downloading new NVidia drivers to see if my GPU perf goes up. They have Win7 drivers already.","4"
"@anastasiya01  lol no its not","4"
"@NateMallory what's that supposed to mean?? Just because it might make us a little emotional??  I laughed and cried, it was good!","4"
"@MadDog3057 Prototype looks sick as well but inFamous I can actually play now.","4"
"@syabelobelo hey, makasi uda follow. sapakamu ?","4"
"@MariahCarey you go, girl! i really love your singing back from 1991. you are AMAZING!  xx","4"
"| just got in .. eric should call me,asap","4"
"@cassio_menezes Twitteiros!","4"
"watching full house","4"
"FINALLY HOME. Drinking Iced Capp.","4"
"@kantashi they were gonna take a nap too so i suspect they slept thru to this morning","4"
"@mileycyrus do not listen to @iloveicecream1   no patrons shots for u missy....wait, are we telling our ages D....hmmm? ..disregard","4"
"Leaving the gym","4"
"long day. tirredd","4"
"scratch that, watching AI from last year. the top 3 group medly always cracks me up","4"
"Do you believe in magic?","4"
"@jenniexferr How'd you do at horseshow?  How was carowinds?","4"
"http://twitpic.com/6be8w - What do you thin about this photo?, let me know here in twitter, this is the real one","4"
"OMG, I'm SO enjoying a day that doesn't involve editing ... except my tweets.","4"
"@KChenoweth  Should we call you Dr. Chenoweth now?","4"
"is tired. Spent all day: cleaning, making a garden, watching UP, eating @Denny's, and then dancing the night away with my friends","4"
"@wendyldavis Well done!  Suppose I'll have to do that soon too. I disconnected the old one today. Easy","4"
"am at work, not really working as obviously on Twitter. 4 degrees and hailing outside. Would like a cognac and some caramel timtams","4"
"@ddlovato hiii Demi, I hope you're having a wonderful vacation","4"
"@roudy4561 haha...at least your trying to make me laugh  good idea lol *bangs head against wall*","4"
"NBA Finals. Banners are for the LAKERS!!","4"
"@CiaoBella50 I'm good my Bella.","4"
"@sherlockfreak The Savage Curtain, Turnabout Intruder and All Our Yesterdays.","4"
"well twitterers! i'm off to bed. i'm hungry and sleepy. nightynight!","4"
"@LSANTANA757.  he gave it back","4"
"is watching twittervision!  If you are seeing this come friend me!!","4"
"Just saw texas roadhouse as we passed by on the freeway and pleasant memories rushed back","4"
"I need for two o four months o maybe better for a year: Beach, Sun and a guitar with my favorite and dreams teacher in music, Perfect","4"
"600 words in 2 hours...if I keep it like this I'll be done before the library closes    #Hungrymothafucka","4"
"@dominicanhair thanks! If it wasn't for this damn recession I would get out there to you","4"
"Goin to bed soon! love you guys!","4"
"Going to do a little shoppin' for tomorrow","4"
"Went on a 7 mile hike today.  First time on that trail and it's easy but really boring","4"
"@amalinaaa We can just lock them up in a room! And get private concerts!!","4"
"@lindseybuck Paris is good. I haven't been to Paris in a while.","4"
"I can't wait for Demi Lovato's new CD to come out! Big Fan!","4"
"Just started watching The Happening, so far it's silly","4"
"Going to bed  Church in the morning!","4"
"@Lindsay56 where are you? Punch her in the face","4"
"what is loveeeee baby dont hurt meee. watched night at the roxbury earlier","4"
"Article in Observer about twitter &amp; business included @Felicitea &amp; me. http://bit.ly/Vn08O (via @summerplum) Great article. Congrats!","4"
"I haven't tweeted all day. I had a bad day,but now im going to sleep","4"
"Got a really cute Chloe wallet and cardigan from today's Closet Party!","4"
"#favoritelyrics anything by LUPE FIASCO.","4"
"wants to repeat last night again","4"
"im tired, helping people move is no joke, i cant even imagine how they feel, dinner with csun peeps tomorrow  yay!","4"
"Off to Fitzroy to check out furniture, because I do t already have enough  a dining table and chAirs this time. Exciting!","4"
"@northirid move in to the new office on Monday. Then meetings meetings meetings with suppliers","4"
"i think it's finally time for bed, nite nite tweeters","4"
"2nd mall of the day -____- at gmall bout to watch a movie wit my mom and jake.","4"
"Smokin in the good times","4"
"@STEFANIA_yo 'stefania' is cool. i dig it","4"
"@Fitchgirl1701 You made my night yet again. I love you amy","4"
"Spending the night at brooke's! Church &amp; brunch in the morning","4"
"@ddlovato PLAY HERE IN THE PHILIPPINES! I have a guitar. You can have it.  )","4"
"I watched Terminator Salvation last night with the boyfriend and it's good! Dinner @ FalpJacks. We recommed the place.","4"
"@tonfue heyy  just got home now 4m shopping! my dress is smokin hot! its a zebra print strapless &amp; a pink sash then the rest is black!","4"
"does anyone wanna take me to see Up?!","4"
"@Rachy555 yep i'm here..@cookleta was here too..mayb he'll cum around later..how r u?","4"
"The White Stripes &quot;We're Going To Be Friends&quot; ? http://twt.fm/138385","4"
"@ristia_aaa Oh! Haha. Pretty good. Since I had to take a week off because of my stomach virus, my grades are a little low, but managable.","4"
"On my way to prom","4"
"For those keeping track: me: 1 chuck:0","4"
"Happy 18th Birthday To Me","4"
"laying down. thinking of him.","4"
"@Frantastik I know where you are","4"
"Finally done for the night. Time to play brawl and get some food!","4"
"@carlotamba btw &quot;Barbie Girl&quot; was a hit loh, it went to #1 on my own Hot 50 Singles Chart and a Top 5 US hit","4"
"Congratulations tito john and my new tita mary ann!  &lt;3","4"
"fruitcake and ice cream! watch it!","4"
"@calgaryfitness U too...hope your weekend is incredible","4"
"About to watch &quot;up&quot; in 3D","4"
"jeebus.. cranky pie.. at least things are good now  you get to see me soon","4"
"@G_Fresh31 happy birrthday!!","4"
"@GirlsWithWings Got the brochures you sent today. Thanks! BTW, glad you're enjoying a brew from my home state.","4"
"Watching videos that have awkward moments make me feel awkward.","4"
"@astridaml @absolutraia makan makaaaan! Tar maag lohh..","4"
"@BlokesLib Anyway, I don't have anything of much interest to say.... so, I will wish you a good rest of your day!  Stay warm","4"
"CELEBRATIN MY 1 YR WIT MY BOO @aAnesidora @ Front Page...She is so beautiful!","4"
"@mister_turner  (god, that's lame. You know what I mean, sea glass.)","4"
"@_UnFollowDiddy nooooo!!! don't give up!! persistence is key!! LOCK IN!!! dont ditch the avid supporters!! @bethelt","4"
"@melbrehl they smell bad when freshly cooked ... how can you tell?","4"
"@alena209 yeah I feel you Lol","4"
"@mediahunter opportunity here","4"
"@treeshie That's adorable  I usually take a pill to help me actually get to sleep, lol.","4"
"@ladygaga Your new video is crazy.  Can I have that lollipop wig please?","4"
"@davidarchie explain &quot;AOR&quot; for us old folks  haha","4"
"Tomorrow is the Lord's day  let's go worship together!!! Where ever you made be.","4"
"@officialjman lol, your momma is right. But I think lauren can handle it  and summers coming up so that means more free time to promote!","4"
"had a long day. But a happy long day. So it's ok.","4"
"@tomfelton http://twitpic.com/64y12 - awww, she's beautiful","4"
"@keeda still in the bed under the covers  plan to go out... AR Rahman concert today.. not sure if I will go...","4"
"@kayla328 You better!! It's so much fun!!","4"
"@ebaymotors more ideas: offer twitter as a way to send updates to custom ebay searches for cars(or anything else for that matter","4"
"speechless ~The veronicas","4"
"@ijustine cool, look foward to looking at your next update","4"
"@dcrblogs Good night Dan. And what an appropriate quote.","4"
"Maybe I need to try online dating  Me: Crazy cat lady, vegan, drinks too much and is about 20 lbs. overweight. You: Able to put up with me","4"
"I'm back &amp; exhausted. Note to self. Dont drink on an empty stomach","4"
"Need to send emails to 100,000  contacts? Check out EmailUnlimited on http://www.4officeautomation.com","4"
"I need summer","4"
"@Mathiayus Thank you  You are blipping really great songs tonight, you have good taste in music.","4"
"@Arielanna really? I love moving  I must say, I'm loving San Diego as a duty station, but I also look forward to the adventure ahead!","4"
"@yearinla We're heading down to Eugene, OR to see a musical. And hopefully find some other stuff to do along the way.","4"
"@LisaMurray lol it was awesome. When I ordered it the waitress said that it's her favorite too","4"
"says goodnight to her teenage years","4"
"http://twitpic.com/6bed3 - i miss my friend Persis(left). She's in Singapore right now. Hope she's having fun. XOXO!","4"
"@hippiekat SNL loves it.","4"
"Walking around the hotel at 1 in the morning","4"
"@katahay What was Taylor like? -besides pretty and nice","4"
"going to bed , hopefully beach tomorrow","4"
"why exactly there is a hoobastank burrito at denny's i may never understand. w/ caity cat    http://sml.vg/PaJnhp","4"
"@takaki_seed sorry for no comment you back im new in twitter hehehe!  what are u doing?","4"
"@CateP36 slightly more domesticated than most.","4"
"We have to dunkin before anything","4"
"Sleep is one of those things you don't appreciate until you are no longer in control of its schedule  Joys of having a newborn. #fb","4"
"@McGrewSecurity Not sure if I've heard that one before, but it sounds about right.","4"
"i wanna watch the mtv movie awards","4"
"hey guys. i just finished taking a shower... its refreshing, hahaha! love the feeling","4"
"Had a good night.. It's so peaceful outside!! Europe in a week...","4"
"(@Beyy) I'm back &amp; exhausted. Note to self. Dont drink on an empty stomach","4"
"Watching no doubt long beach concert on tv","4"
"You use to not be that special someone but now you are","4"
"@radenprisya you're tripping? maksutnya itu untuk bil kali  :*","4"
"Were gonna hit up alllllllll the LPC hot spots right nw! Yeeeeees!","4"
"@Chris_Pine_ you're amazing. that's all.","4"
"@thejessset Forgetting Sarah Marshall is a great one if you're up for a comedy","4"
"@RachaelAshley  hey, that's what i'm watching!   &quot;Schmitts Gay&quot; LOL classic","4"
"@ichadian Haha you're welcome!  Hugs back!   &lt;3","4"
"Yay! It works goodnight long day tom. With sam!","4"
"Time to fly! Tchau!","4"
"@sherlockfreak I love all the episodes. Even the ones that don't make sense.","4"
"Just saw UP in 3D  such  a cute movie! - http://twitpic.com/6ba6b","4"
"@MaddyFatty haha. I'm only watching one episode.  I promise!","4"
"@Ghost_boy527 oh not much.  Going to bed in a bit.  I'm willing to play you in combat arms","4"
"@LevenRambin Caring.","4"
"@Missflyygirl  what kind of smart?","4"
"@butterflymaven  I suspected that was the case. Thank you","4"
"@newtgingrich heard the interview, you must be so proud of Jackie","4"
"@Slovydal yes, got it &amp; caught up ur rep late yestrday. got seat in sec 106 behind the Lynx bench. Can't wait! hope we're 1-0 coming in","4"
"just a random tweet to prove what a big tease i am.. BOOBS!  *feels boobs* hehe","4"
"@Patty4sound Ahh, thank you","4"
"Heading home after D&amp;B fun.","4"
"@Capturing_Moods yay","4"
"@majoeverzosa ano meron? hahaha take a picture. I want to see","4"
"woah just realised my blog is past 13,000 views  its probably going to become more of a design/ rad things blog now. when im not being all","4"
"@jenthefangirl Thanks for the info, I've been a Conan fan for along time &amp; would  wait up to see his open monologue. He's just funny","4"
"@ddlovato Enjoy your vacation! You deserved it. You're working too hard.","4"
"Oops. *popped...lol. But she's ok now.","4"
"dangggg..i just realized that may went by sooo fast..holy jonas..june 16th is coming","4"
"last day of may","4"
"Feet and back are starting to hurt, wish I could walk around the track while sleepi ng in my bed","4"
"@GericaQuinn hahaha. its ok  im sure he'll forgive u.","4"
"Get up and let's do it! haha!  ? http://blip.fm/~7cz7e","4"
"@Terruh Yeah, she's a really great singer and actress.","4"
"@heathercw thanks SO much for the tip! i am checking it out. i guess i should have used spf 100  didn't realize i could sunburn so easily!","4"
"@ekorellana @korellana Congratulations!!! How exciting! Where's the Twitpic?","4"
"@ladygaga I'm stealing that! J/k can't wait to see it","4"
"@TexasJackFlash Same to you, sir!","4"
"has turned the hubby into an unsalty loving person","4"
"Watching a night at the roxberry about to play gta4 on brians ps3, shit.","4"
"@DawnRichard love this song","4"
"Seeing UP with everyone!","4"
"Ah, the joys of being openly embarassed.  i dont mind at all. Excited 4 tomorrow!!","4"
"@dickgaida no we have some on line, and thanks","4"
"@Steelaw happy birthday  yay for legality hahaha","4"
"@YoGabbaGabbaa yeah me too LOL","4"
"&quot;Payback, pain, pie!! Remember the plan!&quot; Hahaha","4"
"im struggling to learn how this works.....but kinda getting addicted anyways....yay nba updates","4"
"Drunk at my Roberts. With cool fun people.","4"
"Wooooo! About to party party at mi casita!","4"
"@Sydney584 She can see better with her eyes closed..?? too much weed sister  haha","4"
"Hey hey hey.......vote for me!!! Link in my girst tweet  thanks a lot!!","4"
"@sweetlilmzmia    Thank you, you're a sweetie !","4"
"I haven't watched Degrassi in forever, but since Cassade Pope is in this one, I might just have to","4"
"Okay, I already know how to.. Hehehs. I searched it all up on the Internet.","4"
"so i lightened my hair to a medium/light brown, might go a smidge lighter...maybe  i have no idea how to do a twit pic tho help please?","4"
"Just played mario party for little over two hours  and got my ass kicked by yoshi! Haha &lt;3 micaela","4"
"Can i just say how happy i am that they are replaying the snl with justin timberlake  bring it on down to plasticville...","4"
"house party. talking about ghosts&amp; taking shots w stace&amp;sommer. My two favorite things.","4"
"@ox_alex_xo it's no problem. i got back. it hurt like heck, but i did it.","4"
"@CalebFTSK hey!Caleb! my hero  I&lt;3u!","4"
"I am currently trying to set this up and make it look decent.","4"
"Mmmm, yessss! (iheartyou!) Waking up early to go volunteer at a childrens home.","4"
"Hey mashable tyvm for the warning.  I need all of the help I can get.   &lt;(wink)","4"
"@philphenomenonx  Most scene boys photoshop their pictures. You'll realize they're big nastys when in person","4"
"@iFanini thanks","4"
"@sandymcilree http://twitpic.com/6b28y - Congratulations Sandy and Trish, she is so lovely!!","4"
"@omewan haha thanks","4"
"I think I'm the only one who hasn't seen Up. Someone should take me!","4"
"@Babybaubbles congratulations! and welcome to knitting","4"
"I'm watching my favorite show, ''Wizards of Waverly Place''  I heart it!","4"
"Whoops! Googled for Bing  only 'Coming soon' http://www.bing.com/ComingSoon","4"
"we go together!  ? http://blip.fm/~7cz7y","4"
"Sunday it is !!!! a lazy day that is","4"
"@TheWineVault That's a compliment fit for my writing style, thanks dude glad your enjoying it  Any/all feedback appreciated","4"
"@thisisryanross  http://www.latfh.com/ is awesome, thanks! Got some good LOLZ  Needed it xxx","4"
"@Tikabelle don't know if i'll make it to retzlaff... i surely don't need more fleeces and would have to hitch a ride somehow","4"
"Cried alot tonight at the drama banquet but it felt so good to just 'let go'","4"
"@WKJThD Have a great Sunday!","4"
"@ddlovato @mileycyrus your eye, makin' me realize, life is flying by... im not an amazing songwriter like u 2 but ya'll r my inspiration!","4"
"i cant belive how many bags of junk my sister has pullled out of her room it is unbelivable ......","4"
"@ElleDott 1. No, I believe it, I'm just stunned is all. 2. Yup.  3. I LOVE THAT BOOK GOD I AM HAPPY.","4"
"I just partially wrote a song. I have no musical talent but I realllyyy like it. anway watching night at the roxbury. goodnight","4"
"Sam's needs to take some benadryl so she can fall asleep and we can draw all over her face","4"
"@DavidArchie hey david. how are you? what are you doing now?","4"
"going to hangout with ramey","4"
"@aTexasAttitude To you too, dear!","4"
"@ellejayoh Wheee, glad you like  I finished the book last week, it was a good read","4"
"@Kathy_Writer   Awesome, thanks.  We're working on it &amp; marketing to publishers &amp; journals to get more content onto www.grouptivity.com","4"
"Just pulled up to sushi dan with @miimiisweet let the bday celebration begin! Or..continue..yeh","4"
"@dpmills glad you liked my hometown","4"
"@yelyahwilliams mmmm, me too. Saw you tonight in Dallas.. They'll be here soon. Come to the show?","4"
"Watching some Friends before bed, can't wait to see my grandparents tomorrow night!!","4"
"With Perla","4"
"@ddlovato woaw! Demi you really got it going on","4"
"Goodnite Twitterville!!  Time to go chill and watch a little tv with my hubby b4 bed...","4"
"Is and having girl talk with nags and steph! Super chill night!","4"
"@GBRLLHGHTN yees (: this blue grandpa cardi. its cool thou. v warm (: haha i made this website blog ystrday.","4"
"its good to have the lil munsters back....","4"
"Me, inette, boyfriend, joshwar, davideesh, and aubine going out to the bars tonight.","4"
"chillin, listenin to music...","4"
"@shanegibson Love these social media tips - particularly the one about getting outside and living life. Being interesting is the key","4"
"epic highway space music","4"
"@bazsixxamgirl thanks","4"
"@missgreens hurrah congrats lovely","4"
"@TAandMD they went to great lengths to keep it hidden. under the circumstances, maybe a wise choice. still it was tough. glad you noticed","4"
"im so bored night people","4"
"I'm gonna go fuck Misty in my sleep.. good night","4"
"@Giiseee hey bitch, i love u so much ? it was a great night together","4"
"loves going on dates.","4"
"today i lived life and now i'm getting a spring makeover i'm so excited","4"
"@malki Sooner or later, they all come to kilts. Or Ricks. Something.","4"
"Thinking that Twitter is going to be pretttyyyyyyy lame.","4"
"done with chili, saw wolverine, and now is eating at IHOP !","4"
"@WeAreTheUsed  hi guys kisses from Argentinaa","4"
"@plmusic22 who is londass? i wanna meet this person they hve a unique name","4"
"Livingstones is great in the evening if you like hanging out with deuchebags. Just FYI","4"
"U know its hard out here for a pimp.  haha i huslt n flow!","4"
"@kBROwn49  The belly dancers, hookah, music, the sitting on pillows in a cute lil booth... But dnt worry we won't invite u nxt weekend","4"
"@kathieBSNRN You to...and dreams with Matthew!!!","4"
"@fromwherever: Good to see you took the good side. Pokemon always Pwn3d Yugioh","4"
"@joolzgirl lol i was confused at ur pic change... thank you","4"
"Woo fifth cup of coffee  I'm bouncing off the walls.","4"
"back on track! well almost","4"
"@jarrodstanley I'm at a bonfire too!","4"
"heading back home   listening to musiccc &lt;3","4"
"Wake up!!!","4"
"@OnlineSystem  yoyo","4"
"Good morning Twitter Land!! Wassup  #Battleground","4"
"There is like literally one person who hasn't disappointed me and i appreciate that. I'm just not going to day who it is","4"
"coffee is good for our health.","4"
"I'm smiling because I'm now following Weird Al on Twitter.","4"
"@overgrownballer no solid is artin","4"
"@CalendarGirl09 I don't  but I love to play sports and am very competitive when I do, hate to lose, who doesnt","4"
"Watching Payback","4"
"@TheMakeupSnob Both are definitely cult favorites   Unfortunately, I have a weakness for anything with chocolate :-P","4"
"duude! i think i am gonna watch some good vids on YT to get me inspired","4"
"@j_lefkowitz I made one to you send me a DM with your e-mail and I will send you ok??","4"
"@jessward123 LOL oh i get it  Go to sleep maybe? haha","4"
"just got back from the wedding; watching dane cook.  &lt;3","4"
"is connected at 1.64 Mbps  *stops stabbing himself*","4"
"enjoying the bubbles in the hot hot tub with linnea.  looking @ the stars.","4"
"Finding it hard to juggle work and life lately... giving up &amp; focusing on work from now on. I love it &amp; unlike people, it won't betray.","4"
"@Sara_VFC he's just overall adorable!","4"
"watching Up with the fambam.","4"
"@OGmartymcfly text me wen ur done","4"
"my mom is dancing, girlfriend of Avril Lavigne, hehehe, she is so funny...","4"
"@passionsista You're welcome","4"
"My truck is a super, it has a cape","4"
"@xxjourney hahh! i love scented markers! i've had mine since i was like, 5, and they still work awesomely  i draw penguins on people :]","4"
"@StrangeBrew no they played the song.","4"
"Now I'm watching Nights in Rodanthe.. I love Diane Lane and Richard Gere together.","4"
"MTV movie awards tomorrow!!!  which means full new moon trailer. dang I couldve met the cast.... def going next year","4"
"Good times in Kentucky...  Bed, breakfast, passing through Indiana, back to Chi and Nap tomorrow...","4"
"@BryanGwin @SiahWalker @NatePWelch @matty_clark U GUYS WILL NOT GUESS WHT I JUST SAW- u in AP#243! Why didnt I see this before?!","4"
"@Elisha_Cole ty  well i finish this class after the last lesson on Tuesday this comin wk then i have a week b4 i start a few new classes","4"
"@kateserenity Sounds yummy!  Indeed they do.","4"
"1st wedding planning meeting with our parents was perfect  thank you Jesus","4"
"@southwestboaz really??? im going to have to review notes from our twits, youve said a lot. some i find hard to believe","4"
"im  on a boaaaat! haha, at prom.  cant believe graduations in 19 days!","4"
"is slowly gettin better yay! feels SO much better. thanks God","4"
"@GIFTUSEEME that's not whatsup . but yeah I love slowjams !","4"
"@aliiza252 LOL yeah u have but thank u for being happy for me","4"
"...... cannot wait till after exams! OMG i will like part-ay everyday!!! woooooooooooooh! on my DSi!","4"
"added some chicagoy pictures: http://bit.ly/Kqsbl more to come tomorrow... good night","4"
"Journey's home finally been a crazy day though I cant belive her","4"
"ah belhblehbleh the familys watching a moviee and yes imm beingg a computerr nerd :p and i wish jerkface would wake up onee daaayyyy!!!!","4"
"drunk as fuckkk! i shoulda went out! dammit! fuck it! beach in da am anyways","4"
"I just witnessed the most beautiful thing - a man proposing to his boyfriend.","4"
"@JoeJonas1Fan1 wow you are posting some VERY amazing videos","4"
"with jenny benny  i know, how corny is that? i had a grrrrrreat day today with @drzgliljenny","4"
"@sadieefacee yeppppp. same kid  haha, yeah your mumz shirt! whenever i see my &quot;music heals my soul&quot; shirt, i always think of you.","4"
"@vivianXOX haha ill be more careful this time","4"
"Hope its going well  im sure we all can agree u sing like an angel","4"
"As Ice cube said &quot;Today was a good day&quot;","4"
"Editing pictures...even late at night","4"
"Making bread. Wholemeal bread","4"
"out to get new issue of girlfriend","4"
"im okay with the fact that im a lesbian at the moment, i got fuck all to prove to anybody","4"
"Finally going to sleep [: The party was amazing!! &lt;3 Alexy and Sofi [: Happy Birthday both of you","4"
"@CarolynHoyt  Thanks","4"
"Not of this world clothing at c28.com. 10% off entire purchase. Use coupon code: swc. 20% donated to swc!","4"
"@rycher will do","4"
"Finally dating a college chick!","4"
"@MariahCarey we want a preview!!","4"
"im taking a break from @mileycyrus gossip and @JustinMGaston/mustin news besides i have a big test and don't need to thing about her/him","4"
"Finally got everything I need to mix my own glaze    Yeahhh-hooooooo!!!!!","4"
"Houston show went awesome!! Thanks to everyone that came out and rocked out with us!! We love you peeeps!!!","4"
"My day definately ended better than it started","4"
"Wants to meet a awsome chick","4"
"@lyllister you smell, please shower! haha","4"
"I'm proud of myself today","4"
"@DominicScott Oh, well hells yeah!  That's right!  Own it then and if they don't know tell 'em to Google it!  Or, was that last year?","4"
"watching house","4"
"jammmbba juiiice home skillettt  ahaha. so today was a pretty chiiill day &lt;3 textt meee.","4"
"@msbeeee That's 2 times more then I can ask for MsBee!  Love and Blessings","4"
"@ashhattack yes mam! I think they should play the first movie","4"
"just watched UP. it was real cute.  markdown day at el cato tom. boo!","4"
"@strangetymes you would be a hater  #andyhurleyday","4"
"Laying on the couch with my baby","4"
"@TyphoidChiclet cuz i just set them up, just set them up, just set them up to knock them dowwwnnn","4"
"@ambermcgregor  No problem! You are so welcome.","4"
"@Lucky_Gem yeppers...i'd offer you one of my men....but i've learned to be greedy!!","4"
"@vinny_vegas @jmatthewflyzik @riandawson @alexalltimelow @jackalltimelow @zackalltimelow @dannykurily 3rd June is going to be amazing","4"
"@drimbz let's play hang man for what my wish was: i wish that mike would _ _ _ _ / _ _ tonight.","4"
"Im gonna be MIA next week.  With all the DMB craziness going on... you can find me in my car at my spot. (Probably with Layla).","4"
"@ErinLeeDuhh hahah AWH! That was a cute one","4"
"Watching @danecook: isolated incident ... Omg it's hilarious","4"
"listening to so what by pink","4"
"thunderstorm  i love the smell of rain.","4"
"http://twitpic.com/6bemm - Love my new shoes! A lovely gift from my mom","4"
"@YoungQ Goodknight, Rob","4"
"@7angela7 I love gummy bears , but only if they are really fresh, not  fan of the GREEN ones ewww. I thought you looked a bit Cherokee.","4"
"::chuckles and kisses you back:: I love you too!","4"
"Sittin in bed with my cat callie! Goodnight everyone","4"
"@iamdiddy good memories though","4"
"@Mgiraudofficial Georgia would be magical for me, So Small too.  Can't get enough of you and your piano. Puts me over the moon.","4"
"sleeping like a baby","4"
"Wow!!!! F**k Backstage man, we were ON STAGE to the side but in PLAIN SIGHT to the audience!!!   despite that stupid &quot;knifegangfight&quot;","4"
"@SandraTaosaka sounds like a good rocking time!..  More like a rock concert","4"
"@MankaCat thanks","4"
"over the boyfriend's for the night. i adore him  work tomorrow 10-2 then who knows.","4"
"@Tialeanne lol wow you are so cool","4"
"@monyepenny Good morning Sus! Hot weather  I like it! hope you're having a good weekend xox","4"
"ohhh okkk imm check that out","4"
"G'nite. This time for real ;) only if we all could be so lucky to have a lil sunshine to make us smile. Hint - hint  later.","4"
"@AmyPredsfan Excellent! You know what to do.  You ROCK!!!","4"
"@epikurean @pretzelknot lol, BTW, I'm glad to be spazzing along with you guys with this. JUST SO YOU KNOW","4"
"new blog post I'm a Golden Girl!: Dang straight I like the big doggies.  (Don't let Miss Tee hear.. http://tinyurl.com/mz4fh8","4"
"Today was good.  On another note, I think I burned my forehead...","4"
"studying on saturday night","4"
"Mojitos came in bunches all night!!!","4"
"Wow. I just gasped during the princess and the frog commercial. Obviously disney has still got some skillz","4"
"@ddlovato nights in rodanthe is by far my favorite movie  go get a box of tissues though, you'll need 'em!","4"
